algo,size,exemplaire,temps
progdyn,N17,DP_N17_0,10109.45989999891
progdyn,N17,DP_N17_1,7725.966800000606
progdyn,N17,DP_N17_2,9058.699699999124
progdyn,N17,DP_N17_3,9499.331399998482
progdyn,N17,DP_N17_4,10518.523300001107
